"species","longitude","latitude","year","month","basisOfRecord","coordinateUncertaintyInMeters","country","locality","occurrenceID"
"Capra sibirica",77.077308,43.100013,2025,1,"HUMAN_OBSERVATION",NA,"Kazakhstan",NA,"https://www.inaturalist.org/observations/259019665"
"Capra sibirica",77.999797,32.336638,2025,2,"HUMAN_OBSERVATION",NA,"India",NA,"https://www.inaturalist.org/observations/264321635"
"Capra sibirica",78.0017,32.324578,2025,2,"HUMAN_OBSERVATION",NA,"India",NA,"https://www.inaturalist.org/observations/264339938"
"Capra sibirica",77.999892,32.336127,2025,2,"HUMAN_OBSERVATION",NA,"India",NA,"https://www.inaturalist.org/observations/264321625"
"Capra sibirica",78.003875,32.330142,2025,2,"HUMAN_OBSERVATION",NA,"India",NA,"https://www.inaturalist.org/observations/264311112"
"Capra sibirica",78.002221,32.335864,2025,2,"HUMAN_OBSERVATION",488,"India",NA,"https://www.inaturalist.org/observations/264321620"
"Capra sibirica",78.000925,32.335434,2025,2,"HUMAN_OBSERVATION",488,"India",NA,"https://www.inaturalist.org/observations/264321618"
"Capra sibirica",78.001653,32.324565,2025,2,"HUMAN_OBSERVATION",NA,"India",NA,"https://www.inaturalist.org/observations/264339931"
"Capra sibirica",78.003017,32.325363,2025,2,"HUMAN_OBSERVATION",NA,"India",NA,"https://www.inaturalist.org/observations/264335637"
"Capra sibirica",77.999775,32.336365,2025,2,"HUMAN_OBSERVATION",NA,"India",NA,"https://www.inaturalist.org/observations/264321629"
"Capra sibirica",76.983666,43.07993,2025,3,"HUMAN_OBSERVATION",211,"Kazakhstan",NA,"https://www.inaturalist.org/observations/266590644"
"Capra sibirica",76.986991,43.082875,2025,3,"HUMAN_OBSERVATION",3787,"Kazakhstan",NA,"https://www.inaturalist.org/observations/267158339"
"Capra sibirica",70.142608,41.538178,2025,3,"HUMAN_OBSERVATION",122,"Uzbekistan",NA,"https://www.inaturalist.org/observations/269832370"
"Capra sibirica",74.474463,42.564737,2025,4,"HUMAN_OBSERVATION",122,"Kyrgyzstan",NA,"https://www.inaturalist.org/observations/270134087"
"Capra sibirica",74.509872,42.553282,2025,4,"HUMAN_OBSERVATION",79,"Kyrgyzstan",NA,"https://www.inaturalist.org/observations/272375536"
"Capra sibirica",76.912322,43.057333,2025,5,"HUMAN_OBSERVATION",686,"Kazakhstan",NA,"https://www.inaturalist.org/observations/280454332"
"Capra sibirica",104.035098,43.513275,2025,5,"HUMAN_OBSERVATION",1514,"Mongolia",NA,"https://www.inaturalist.org/observations/289074457"
"Capra sibirica",102.269383,44.543917,2025,5,"HUMAN_OBSERVATION",150,"Mongolia",NA,"https://www.inaturalist.org/observations/308663678"
"Capra sibirica",75.331505,36.815932,2025,6,"HUMAN_OBSERVATION",46,"Pakistan",NA,"https://www.inaturalist.org/observations/292326121"
"Capra sibirica",70.474036,42.401483,2025,6,"HUMAN_OBSERVATION",2491,"Kazakhstan",NA,"https://www.inaturalist.org/observations/292265587"
"Capra sibirica",78.247913,42.187692,2025,6,"HUMAN_OBSERVATION",6,"Kyrgyzstan",NA,"https://www.inaturalist.org/observations/291685759"
"Capra sibirica",104.078792,43.490164,2025,6,"HUMAN_OBSERVATION",NA,"Mongolia",NA,"https://www.inaturalist.org/observations/291319314"
"Capra sibirica",104.081222,43.492106,2025,6,"HUMAN_OBSERVATION",NA,"Mongolia",NA,"https://www.inaturalist.org/observations/291319665"
"Capra sibirica",100.650658,43.271828,2025,6,"HUMAN_OBSERVATION",NA,"Mongolia",NA,"https://www.inaturalist.org/observations/292839950"
"Capra sibirica",76.760997,40.923864,2025,6,"HUMAN_OBSERVATION",NA,"Kyrgyzstan",NA,"https://www.inaturalist.org/observations/294360225"
"Capra sibirica",104.087973,43.495981,2025,6,"HUMAN_OBSERVATION",1191,"Mongolia",NA,"https://www.inaturalist.org/observations/292522539"
"Capra sibirica",78.712381,42.419243,2025,6,"HUMAN_OBSERVATION",1883,"Kyrgyzstan",NA,"https://www.inaturalist.org/observations/294752475"
"Capra sibirica",104.080433,43.491568,2025,6,"HUMAN_OBSERVATION",31,"Mongolia",NA,"https://www.inaturalist.org/observations/297254866"
"Capra sibirica",104.040022,43.536031,2025,6,"HUMAN_OBSERVATION",31,"Mongolia",NA,"https://www.inaturalist.org/observations/297254831"
"Capra sibirica",74.65564,41.51564,2025,7,"HUMAN_OBSERVATION",3,"Kyrgyzstan",NA,"https://www.inaturalist.org/observations/294266652"
"Capra sibirica",77.131312,43.037307,2025,7,"HUMAN_OBSERVATION",151,"Kazakhstan",NA,"https://www.inaturalist.org/observations/296464272"
"Capra sibirica",70.838165,42.083786,2025,7,"HUMAN_OBSERVATION",31,"Uzbekistan",NA,"https://www.inaturalist.org/observations/299747610"
"Capra sibirica",79.07809,43.351285,2025,7,"HUMAN_OBSERVATION",190,"Kazakhstan",NA,"https://www.inaturalist.org/observations/302906693"
"Capra sibirica",104.087869,43.541257,2025,7,"HUMAN_OBSERVATION",883,"Mongolia",NA,"https://www.inaturalist.org/observations/305777611"
"Capra sibirica",104.038464,43.542898,2025,7,"HUMAN_OBSERVATION",170,"Mongolia",NA,"https://www.inaturalist.org/observations/305785831"
"Capra sibirica",74.531417,42.533553,2025,8,"HUMAN_OBSERVATION",3,"Kyrgyzstan",NA,"https://www.inaturalist.org/observations/306428084"
"Capra sibirica",77.604266,43.137711,2025,8,"HUMAN_OBSERVATION",614,"Kazakhstan",NA,"https://www.inaturalist.org/observations/305181603"
"Capra sibirica",74.531258,42.533613,2025,8,"HUMAN_OBSERVATION",18,"Kyrgyzstan",NA,"https://www.inaturalist.org/observations/306424790"
"Capra sibirica",104.08162,43.493192,2025,8,"HUMAN_OBSERVATION",4,"Mongolia",NA,"https://www.inaturalist.org/observations/310400961"
"Capra sibirica",74.474775,42.566718,2025,8,"HUMAN_OBSERVATION",750,"Kyrgyzstan",NA,"https://www.inaturalist.org/observations/314299977"
"Capra sibirica",103.756106,44.11137,2025,9,"HUMAN_OBSERVATION",2721,"Mongolia",NA,"https://www.inaturalist.org/observations/319928103"
"Capra sibirica",77.995373,32.341788,2024,1,"HUMAN_OBSERVATION",50,"India",NA,"https://www.inaturalist.org/observations/195914756"
"Capra sibirica",104.038934,43.498137,2024,4,"HUMAN_OBSERVATION",NA,"Mongolia",NA,"https://www.inaturalist.org/observations/215675527"
"Capra sibirica",104.023345,43.518176,2024,4,"HUMAN_OBSERVATION",NA,"Mongolia",NA,"https://www.inaturalist.org/observations/215675469"
"Capra sibirica",103.19274,43.707364,2024,4,"HUMAN_OBSERVATION",NA,"Mongolia",NA,"https://www.inaturalist.org/observations/215675564"
"Capra sibirica",104.03486,43.49943,2024,4,"HUMAN_OBSERVATION",NA,"Mongolia",NA,"https://www.inaturalist.org/observations/215675472"
"Capra sibirica",78.176312,43.981318,2024,5,"HUMAN_OBSERVATION",8,"Kazakhstan",NA,"https://www.inaturalist.org/observations/214581494"
"Capra sibirica",103.11449,43.676685,2024,5,"HUMAN_OBSERVATION",NA,"Mongolia",NA,"https://www.inaturalist.org/observations/215675584"
"Capra sibirica",100.628374,44.934368,2024,5,"HUMAN_OBSERVATION",NA,"Mongolia",NA,"https://www.inaturalist.org/observations/215675637"
"Capra sibirica",77.163422,33.245747,2024,5,"HUMAN_OBSERVATION",4,"India",NA,"https://www.inaturalist.org/observations/222468030"
"Capra sibirica",101.738563,44.867878,2024,5,"HUMAN_OBSERVATION",500,"Mongolia",NA,"https://www.inaturalist.org/observations/222450888"
"Capra sibirica",76.91243,43.047073,2024,5,"HUMAN_OBSERVATION",4,"Kazakhstan",NA,"https://www.inaturalist.org/observations/215951342"
"Capra sibirica",104.065482,43.490517,2024,6,"HUMAN_OBSERVATION",2202,"Mongolia",NA,"https://www.inaturalist.org/observations/225032429"
"Capra sibirica",103.516044,43.95845,2024,6,"HUMAN_OBSERVATION",5000,"Mongolia",NA,"https://www.inaturalist.org/observations/222244861"
"Capra sibirica",87.154355,43.420596,2024,6,"HUMAN_OBSERVATION",147,"China",NA,"https://www.inaturalist.org/observations/222861039"
"Capra sibirica",100.900255,44.724121,2024,6,"HUMAN_OBSERVATION",977,"Mongolia",NA,"https://www.inaturalist.org/observations/227618584"
"Capra sibirica",103.779167,43.634999,2024,6,"HUMAN_OBSERVATION",1574,"Mongolia",NA,"https://www.inaturalist.org/observations/230612955"
"Capra sibirica",78.046274,43.945187,2024,6,"HUMAN_OBSERVATION",1463,"Kazakhstan",NA,"https://www.inaturalist.org/observations/231357445"
"Capra sibirica",74.487257,42.550164,2024,6,"HUMAN_OBSERVATION",NA,"Kyrgyzstan",NA,"https://www.inaturalist.org/observations/232889947"
"Capra sibirica",76.901802,42.993328,2024,7,"HUMAN_OBSERVATION",244,"Kazakhstan",NA,"https://www.inaturalist.org/observations/228419902"
"Capra sibirica",77.073563,43.076808,2024,7,"HUMAN_OBSERVATION",NA,"Kazakhstan",NA,"https://www.inaturalist.org/observations/232421434"
"Capra sibirica",79.157545,43.403326,2024,7,"HUMAN_OBSERVATION",NA,"Kazakhstan",NA,"https://www.inaturalist.org/observations/233153115"
"Capra sibirica",80.142761,42.411022,2024,7,"HUMAN_OBSERVATION",1076,"Kazakhstan",NA,"https://www.inaturalist.org/observations/233674665"
"Capra sibirica",80.019866,42.582882,2024,7,"HUMAN_OBSERVATION",1988,"Kazakhstan",NA,"https://www.inaturalist.org/observations/233307315"
"Capra sibirica",80.130427,42.456387,2024,7,"HUMAN_OBSERVATION",488,"Kazakhstan",NA,"https://www.inaturalist.org/observations/234188286"
"Capra sibirica",80.124444,42.486389,2024,7,"HUMAN_OBSERVATION",NA,"Kazakhstan",NA,"https://www.inaturalist.org/observations/230973212"
"Capra sibirica",74.78908,36.20245,2024,7,"MACHINE_OBSERVATION",5,"Pakistan",NA,"occ65"
"Capra sibirica",76.948507,43.04534,2024,8,"HUMAN_OBSERVATION",122,"Kazakhstan",NA,"https://www.inaturalist.org/observations/239344968"
"Capra sibirica",77.462715,43.235566,2024,8,"HUMAN_OBSERVATION",50,"Kazakhstan",NA,"https://www.inaturalist.org/observations/238924955"
"Capra sibirica",77.462714,43.235651,2024,8,"HUMAN_OBSERVATION",48,"Kazakhstan",NA,"https://www.inaturalist.org/observations/238951177"
"Capra sibirica",100.548326,43.56238,2024,9,"HUMAN_OBSERVATION",3,"Mongolia",NA,"https://www.inaturalist.org/observations/241830083"
"Capra sibirica",77.868665,43.882335,2024,9,"HUMAN_OBSERVATION",185,"Kazakhstan",NA,"https://www.inaturalist.org/observations/243579947"
"Capra sibirica",74.85652,36.16084,2024,9,"MACHINE_OBSERVATION",5,"Pakistan",NA,"occ54"
"Capra sibirica",77.495935,43.258995,2024,10,"HUMAN_OBSERVATION",48,"Kazakhstan",NA,"https://www.inaturalist.org/observations/248052356"
"Capra sibirica",78.637203,31.776672,2024,10,"HUMAN_OBSERVATION",6,"India","Himachal Pradesh","https://observation.org/observation/332273721"
"Capra sibirica",75.391753,36.836637,2024,10,"HUMAN_OBSERVATION",14,"Pakistan",NA,"https://www.inaturalist.org/observations/302564145"
"Capra sibirica",76.958369,43.092151,2024,11,"HUMAN_OBSERVATION",1502,"Kazakhstan",NA,"https://www.inaturalist.org/observations/253389504"
"Capra sibirica",77.131618,34.333208,2023,2,"HUMAN_OBSERVATION",372,"India",NA,"https://www.inaturalist.org/observations/183085458"
"Capra sibirica",77.1162,37.09018,2023,2,"HUMAN_OBSERVATION",1091,"China",NA,"https://www.inaturalist.org/observations/253719667"
"Capra sibirica",87.802796,43.684881,2023,3,"HUMAN_OBSERVATION",976,"China",NA,"https://www.inaturalist.org/observations/153134830"
"Capra sibirica",87.165441,43.427929,2023,4,"HUMAN_OBSERVATION",93,"China",NA,"https://www.inaturalist.org/observations/159651803"
"Capra sibirica",76.995618,43.037445,2023,4,"HUMAN_OBSERVATION",45,"Kazakhstan","Karasayskiy","https://observation.org/observation/269801342"
"Capra sibirica",74.466035,42.580334,2023,5,"HUMAN_OBSERVATION",31,"Kyrgyzstan",NA,"https://www.inaturalist.org/observations/160094944"
"Capra sibirica",74.513781,42.549605,2023,5,"HUMAN_OBSERVATION",15,"Kyrgyzstan",NA,"https://www.inaturalist.org/observations/162455606"
"Capra sibirica",104.07245,43.520522,2023,5,"HUMAN_OBSERVATION",6,"Mongolia","Yolin Am - Zuun Saikhanii Nuruu","https://observation.org/observation/276431391"
"Capra sibirica",104.069847,43.518678,2023,5,"HUMAN_OBSERVATION",10,"Mongolia","Yolin Am - Zuun Saikhanii Nuruu","https://observation.org/observation/285284506"
"Capra sibirica",102.933929,43.666084,2023,5,"HUMAN_OBSERVATION",1000,"Mongolia","Ömnögovi","https://observation.org/observation/299415995"
"Capra sibirica",76.998317,43.071033,2023,5,"HUMAN_OBSERVATION",24,"Kazakhstan",NA,"https://www.inaturalist.org/observations/224205461"
"Capra sibirica",76.999216,43.070631,2023,5,"HUMAN_OBSERVATION",134,"Kazakhstan",NA,"https://www.inaturalist.org/observations/224205448"
"Capra sibirica",76.998096,43.071355,2023,5,"HUMAN_OBSERVATION",67,"Kazakhstan",NA,"https://www.inaturalist.org/observations/224205452"
"Capra sibirica",76.998355,43.070568,2023,5,"HUMAN_OBSERVATION",31,"Kazakhstan",NA,"https://www.inaturalist.org/observations/224205459"
"Capra sibirica",78.027037,32.270364,2023,5,"HUMAN_OBSERVATION",8031,"India",NA,"https://www.inaturalist.org/observations/174987768"
"Capra sibirica",78.006747,32.331764,2023,6,"HUMAN_OBSERVATION",NA,"India",NA,"https://www.inaturalist.org/observations/165739692"
"Capra sibirica",74.488358,42.559176,2023,6,"HUMAN_OBSERVATION",31,"Kyrgyzstan",NA,"https://www.inaturalist.org/observations/180425554"
"Capra sibirica",77.182549,34.277767,2023,7,"HUMAN_OBSERVATION",31,"India",NA,"https://www.inaturalist.org/observations/179381071"
"Capra sibirica",77.140288,43.151223,2023,8,"HUMAN_OBSERVATION",357,"Kazakhstan",NA,"https://www.inaturalist.org/observations/181567727"
"Capra sibirica",76.962662,43.059689,2023,8,"HUMAN_OBSERVATION",488,"Kazakhstan",NA,"https://www.inaturalist.org/observations/182603809"
"Capra sibirica",104.081414,43.493176,2023,8,"HUMAN_OBSERVATION",1286,"Mongolia",NA,"https://www.inaturalist.org/observations/255153658"
"Capra sibirica",77.09,34.337222,2022,4,"HUMAN_OBSERVATION",NA,"India",NA,"https://www.inaturalist.org/observations/115893653"
"Capra sibirica",79.009643,43.527878,2022,5,"HUMAN_OBSERVATION",61,"Kazakhstan",NA,"https://www.inaturalist.org/observations/120518949"
"Capra sibirica",76.937665,43.047777,2022,5,"HUMAN_OBSERVATION",NA,"Kazakhstan",NA,"https://www.inaturalist.org/observations/119550829"
"Capra sibirica",78.992447,42.418636,2022,5,"HUMAN_OBSERVATION",3,"Kyrgyzstan","Ysyk-Köl","https://observation.org/observation/245750404"
"Capra sibirica",76.937767,43.047626,2022,5,"HUMAN_OBSERVATION",9,"Kazakhstan","Karasayskiy","https://observation.org/observation/243668457"
"Capra sibirica",79.026863,43.526447,2022,5,"HUMAN_OBSERVATION",10,"Kazakhstan","Enbekshikazakhskiy","https://observation.org/observation/243385620"
"Capra sibirica",79.011721,43.527736,2022,5,"HUMAN_OBSERVATION",10,"Kazakhstan","Enbekshikazakhskiy","https://observation.org/observation/246073705"
"Capra sibirica",76.908519,43.063165,2022,6,"HUMAN_OBSERVATION",NA,"Kazakhstan",NA,"https://www.inaturalist.org/observations/213950577"
"Capra sibirica",78.136578,32.061398,2022,6,"HUMAN_OBSERVATION",5570,"India",NA,"https://www.inaturalist.org/observations/315215334"
"Capra sibirica",104.017464,43.511799,2022,8,"HUMAN_OBSERVATION",7,"Mongolia","Ömnögovi","https://observation.org/observation/256205816"
"Capra sibirica",104.018692,43.515598,2022,8,"HUMAN_OBSERVATION",8,"Mongolia","Ömnögovi","https://observation.org/observation/256206188"
"Capra sibirica",104.02639,43.520275,2022,8,"HUMAN_OBSERVATION",3,"Mongolia","Yolin Am - Zuun Saikhanii Nuruu","https://observation.org/observation/254422517"
"Capra sibirica",103.772508,43.625562,2022,8,"HUMAN_OBSERVATION",122,"Mongolia",NA,"https://www.inaturalist.org/observations/151364428"
"Capra sibirica",103.771735,43.625811,2022,8,"HUMAN_OBSERVATION",122,"Mongolia",NA,"https://www.inaturalist.org/observations/151364433"
"Capra sibirica",77.075359,34.220838,2022,9,"HUMAN_OBSERVATION",109,"India",NA,"https://www.inaturalist.org/observations/136415016"
"Capra sibirica",68.223191,39.200255,2022,9,"HUMAN_OBSERVATION",543,"Tajikistan",NA,"https://www.inaturalist.org/observations/149730203"
"Capra sibirica",75.552404,33.829985,2022,9,"HUMAN_OBSERVATION",977,"India",NA,"https://www.inaturalist.org/observations/167171059"
"Capra sibirica",76.948752,43.094289,2022,12,"HUMAN_OBSERVATION",4049,"Kazakhstan",NA,"https://www.inaturalist.org/observations/154812959"
"Capra sibirica",77.985107,32.346473,2021,2,"HUMAN_OBSERVATION",NA,"India",NA,"https://indiabiodiversity.org/observation/show/18082377"
"Capra sibirica",73.55,37.75,2021,4,"HUMAN_OBSERVATION",1715,"Tajikistan",NA,"https://www.inaturalist.org/observations/75887482"
"Capra sibirica",75.55096,35.32471,2021,9,"HUMAN_OBSERVATION",203,"Pakistan",NA,"https://www.inaturalist.org/observations/99608524"
"Capra sibirica",70.37568,38.078859,2020,2,"HUMAN_OBSERVATION",3533,"Tajikistan",NA,"https://www.inaturalist.org/observations/154054619"
"Capra sibirica",78.293171,34.299618,2020,3,"HUMAN_OBSERVATION",NA,"India",NA,"https://indiabiodiversity.org/observation/show/14831262"
"Capra sibirica",76.82957,34.248493,2019,5,"HUMAN_OBSERVATION",662,"India",NA,"https://www.inaturalist.org/observations/35568760"
"Capra sibirica",104.04,43.5,2019,5,"HUMAN_OBSERVATION",1000,"Mongolia","Ömnögovi","https://observation.org/observation/174005206"
"Capra sibirica",104.05,43.49,2019,5,"HUMAN_OBSERVATION",1000,"Mongolia","Ömnögovi","https://observation.org/observation/174005204"
"Capra sibirica",76.967507,34.279113,2019,5,"HUMAN_OBSERVATION",NA,"India",NA,"https://www.inaturalist.org/observations/104208626"
"Capra sibirica",76.967172,34.259018,2019,5,"HUMAN_OBSERVATION",NA,"India",NA,"https://www.inaturalist.org/observations/104208629"
"Capra sibirica",76.963183,34.271428,2019,5,"HUMAN_OBSERVATION",NA,"India",NA,"https://www.inaturalist.org/observations/108741692"
"Capra sibirica",76.964435,34.275485,2019,5,"HUMAN_OBSERVATION",NA,"India",NA,"https://www.inaturalist.org/observations/108741694"
"Capra sibirica",76.963064,34.274715,2019,5,"HUMAN_OBSERVATION",15,"India",NA,"https://www.inaturalist.org/observations/108741695"
"Capra sibirica",77.185181,32.639016,2019,7,"HUMAN_OBSERVATION",NA,"India",NA,"https://indiabiodiversity.org/observation/show/17147963"
"Capra sibirica",72.534775,34.992607,2019,10,"HUMAN_OBSERVATION",250,"Pakistan","UTM50_43S_0250_3850",NA
"Capra sibirica",85.628946,43.876509,2019,11,"HUMAN_OBSERVATION",1563,"China",NA,"https://www.inaturalist.org/observations/36283596"
"Capra sibirica",85.711565,43.834452,2019,12,"HUMAN_OBSERVATION",6996,"China",NA,"https://www.inaturalist.org/observations/36874707"
"Capra sibirica",77.127118,34.3388,2018,2,"HUMAN_OBSERVATION",NA,"India",NA,"https://www.inaturalist.org/observations/47322009"
"Capra sibirica",77.981586,32.405769,2018,3,"HUMAN_OBSERVATION",7813,"India",NA,"https://www.inaturalist.org/observations/297842520"
"Capra sibirica",77.988591,32.37502,2018,3,"HUMAN_OBSERVATION",7813,"India",NA,"https://www.inaturalist.org/observations/297842513"
"Capra sibirica",103.700617,43.405426,2018,5,"HUMAN_OBSERVATION",NA,"Mongolia","Ömnögovi","https://observation.org/observation/181244634"
"Capra sibirica",76.944923,43.04442,2018,5,"HUMAN_OBSERVATION",977,"Kazakhstan",NA,"https://www.inaturalist.org/observations/320129364"
"Capra sibirica",104.0802,43.493568,2018,7,"HUMAN_OBSERVATION",NA,"Mongolia",NA,"https://www.inaturalist.org/observations/291316790"
"Capra sibirica",104.036446,43.532732,2018,7,"HUMAN_OBSERVATION",61,"Mongolia",NA,"https://www.inaturalist.org/observations/302389242"
"Capra sibirica",104.085098,43.495472,2018,7,"HUMAN_OBSERVATION",NA,"Mongolia",NA,"https://www.inaturalist.org/observations/302590114"
"Capra sibirica",74.737829,42.359535,2018,8,"MATERIAL_CITATION",3000,"Kyrgyzstan",NA,"Publ.Zagor.Faun.5440"
"Capra sibirica",93.77904,44.970452,2018,9,"HUMAN_OBSERVATION",122,"Mongolia",NA,"https://www.inaturalist.org/observations/195747214"
"Capra sibirica",96.540141,43.307664,2018,9,"HUMAN_OBSERVATION",122,"Mongolia",NA,"https://www.inaturalist.org/observations/197131904"
"Capra sibirica",102.833321,43.55743,2018,9,"HUMAN_OBSERVATION",250,"Mongolia","UTM50_48T_0300_4800",NA
"Capra sibirica",104.017443,43.512692,2018,10,"HUMAN_OBSERVATION",NA,"Mongolia",NA,"https://www.inaturalist.org/observations/17493033"
"Capra sibirica",104.01747,43.512715,2018,10,"HUMAN_OBSERVATION",NA,"Mongolia",NA,"https://www.inaturalist.org/observations/17508178"
"Capra sibirica",104.017448,43.51269,2018,10,"HUMAN_OBSERVATION",NA,"Mongolia",NA,"https://www.inaturalist.org/observations/17567799"
"Capra sibirica",104.017453,43.512707,2018,10,"HUMAN_OBSERVATION",NA,"Mongolia",NA,"https://www.inaturalist.org/observations/17567800"
"Capra sibirica",77.106171,34.313042,2017,2,"HUMAN_OBSERVATION",1000,"India","Ladakh","https://observation.org/observation/294501148"
"Capra sibirica",104.074608,43.488138,2017,5,"HUMAN_OBSERVATION",25,"Mongolia","Ömnögovi","https://observation.org/observation/141497250"
"Capra sibirica",104.051937,43.496317,2017,5,"HUMAN_OBSERVATION",25,"Mongolia","Ömnögovi","https://observation.org/observation/141585955"
"Capra sibirica",100.866535,44.704613,2017,5,"HUMAN_OBSERVATION",25,"Mongolia","Bayanhongor","https://observation.org/observation/141823653"
"Capra sibirica",104.02635,43.502422,2017,5,"HUMAN_OBSERVATION",25,"Mongolia","Ömnögovi","https://observation.org/observation/141585952"
"Capra sibirica",104.099496,43.481803,2017,5,"HUMAN_OBSERVATION",1000,"Mongolia","Ömnögovi","https://observation.org/observation/141517112"
"Capra sibirica",74.49624,42.557232,2017,5,"HUMAN_OBSERVATION",436,"Kyrgyzstan",NA,"https://www.inaturalist.org/observations/196437970"
"Capra sibirica",104.072354,43.488714,2017,6,"HUMAN_OBSERVATION",61,"Mongolia",NA,"https://www.inaturalist.org/observations/38272785"
"Capra sibirica",86.878558,43.118362,2017,8,"HUMAN_OBSERVATION",488,"China",NA,"https://www.inaturalist.org/observations/196286379"
"Capra sibirica",74.859532,42.595154,2017,8,"HUMAN_OBSERVATION",1652,"Kyrgyzstan",NA,"https://www.inaturalist.org/observations/154054621"
"Capra sibirica",77.906817,32.438847,2017,10,"HUMAN_OBSERVATION",NA,"India",NA,"https://www.inaturalist.org/observations/127636736"
"Capra sibirica",77.90687,32.43889,2017,10,"HUMAN_OBSERVATION",NA,"India",NA,"https://www.inaturalist.org/observations/127636737"
"Capra sibirica",77.138564,34.333647,2016,2,"HUMAN_OBSERVATION",NA,"India",NA,"https://www.inaturalist.org/observations/8383353"
"Capra sibirica",77.882444,31.999504,2016,5,"HUMAN_OBSERVATION",196,"India",NA,"https://www.inaturalist.org/observations/31840248"
"Capra sibirica",74.511881,42.550554,2016,5,"HUMAN_OBSERVATION",25,"Kyrgyzstan","Ala-Archa NP","https://observation.org/observation/118455967"
"Capra sibirica",104.0251,43.5192,2016,5,"HUMAN_OBSERVATION",10,"Mongolia","Ömnögovi","https://observation.org/observation/119631967"
"Capra sibirica",76.997926,43.056937,2016,5,"HUMAN_OBSERVATION",766,"Kazakhstan",NA,"https://www.inaturalist.org/observations/245741358"
"Capra sibirica",74.487475,42.488524,2016,7,"HUMAN_OBSERVATION",61,"Kyrgyzstan",NA,"https://www.inaturalist.org/observations/280774615"
"Capra sibirica",74.434504,42.546239,2016,8,"HUMAN_OBSERVATION",61,"Kyrgyzstan",NA,"https://www.inaturalist.org/observations/34064737"
"Capra sibirica",103.46855,43.660918,2016,9,"HUMAN_OBSERVATION",1000,"Mongolia","Ömnögovi","https://observation.org/observation/205555451"
"Capra sibirica",70.464935,42.383401,2015,5,"HUMAN_OBSERVATION",NA,"Kazakhstan",NA,"https://www.inaturalist.org/observations/18861200"
"Capra sibirica",77.158481,34.311457,2015,5,"HUMAN_OBSERVATION",25,"India","Jammu and Kashmir","https://observation.org/observation/113511673"
"Capra sibirica",77.159431,34.31126,2015,5,"HUMAN_OBSERVATION",25,"India","Jammu and Kashmir","https://observation.org/observation/113511663"
"Capra sibirica",77.175408,34.328704,2015,5,"HUMAN_OBSERVATION",25,"India","Jammu and Kashmir","https://observation.org/observation/113511653"
"Capra sibirica",77.165389,34.316437,2015,5,"HUMAN_OBSERVATION",25,"India","Jammu and Kashmir","https://observation.org/observation/114756973"
"Capra sibirica",104.0804,43.4917,2015,5,"HUMAN_OBSERVATION",30,"Mongolia","Ömnögovi","https://observation.org/observation/103000455"
"Capra sibirica",78.501251,42.319428,2015,6,"HUMAN_OBSERVATION",567,"Kyrgyzstan",NA,"https://www.inaturalist.org/observations/141195894"
"Capra sibirica",74.675,42.453,2015,7,"HUMAN_OBSERVATION",100,"Kyrgyzstan",NA,"http://www.inaturalist.org/observations/4651594"
"Capra sibirica",78.492,42.32,2015,7,"HUMAN_OBSERVATION",100,"Kyrgyzstan",NA,"http://www.inaturalist.org/observations/4651140"
"Capra sibirica",74.659084,42.49007,2015,7,"HUMAN_OBSERVATION",100,"Kyrgyzstan","Bishkek","https://observation.org/observation/105108004"
"Capra sibirica",74.674534,42.452844,2015,7,"HUMAN_OBSERVATION",100,"Kyrgyzstan","Bishkek","https://observation.org/observation/105107925"
"Capra sibirica",78.492052,42.320476,2015,7,"HUMAN_OBSERVATION",100,"Kyrgyzstan","Ysyk-Köl","https://observation.org/observation/105103632"
"Capra sibirica",77.351752,34.21566,2015,10,"HUMAN_OBSERVATION",488,"India",NA,"https://www.inaturalist.org/observations/257131602"
"Capra sibirica",75.283935,36.829385,2014,4,"HUMAN_OBSERVATION",122,"Pakistan",NA,"https://www.inaturalist.org/observations/50647911"
"Capra sibirica",75.391926,36.83838,2014,4,"HUMAN_OBSERVATION",122,"Pakistan",NA,"https://www.inaturalist.org/observations/50647912"
"Capra sibirica",77.592546,33.788419,2014,6,"HUMAN_OBSERVATION",100,"India","Hemis NP","https://observation.org/observation/182332444"
"Capra sibirica",101.662961,44.872792,2014,8,"HUMAN_OBSERVATION",100,"Mongolia","Övörhangay","https://observation.org/observation/95398314"
"Capra sibirica",77.1306,34.3324,2014,10,"HUMAN_OBSERVATION",10,"India","Jammu and Kashmir","https://observation.org/observation/89346066"
"Capra sibirica",77.1363,34.3313,2014,10,"HUMAN_OBSERVATION",5,"India","Jammu and Kashmir","https://observation.org/observation/93186414"
"Capra sibirica",77.130635,34.332674,2014,10,"HUMAN_OBSERVATION",25,"India","Jammu and Kashmir","https://observation.org/observation/89283770"
"Capra sibirica",78.010263,32.332662,2013,1,"HUMAN_OBSERVATION",237,"India",NA,"https://www.inaturalist.org/observations/29158942"
"Capra sibirica",76.568325,34.585019,2013,2,"HUMAN_OBSERVATION",3906,"India",NA,"https://www.inaturalist.org/observations/41397765"
"Capra sibirica",77.125854,34.288084,2013,2,"HUMAN_OBSERVATION",1000,"India","Jammu and Kashmir","https://observation.org/observation/79378658"
"Capra sibirica",77.134251,34.335638,2013,2,"HUMAN_OBSERVATION",10,"India","Jammu and Kashmir","https://observation.org/observation/73886048"
"Capra sibirica",77.241203,34.684822,2013,2,"HUMAN_OBSERVATION",977,"India",NA,"https://www.inaturalist.org/observations/168826442"
"Capra sibirica",77.144165,34.338072,2013,9,"HUMAN_OBSERVATION",100,"India","Jammu and Kashmir","https://observation.org/observation/81042209"
"Capra sibirica",77.0719,34.3259,2012,3,"HUMAN_OBSERVATION",1000,"India","Jammu and Kashmir","https://observation.org/observation/208037407"
"Capra sibirica",74.527452,37.735168,2012,7,"HUMAN_OBSERVATION",977,"Tajikistan",NA,"https://www.inaturalist.org/observations/203133738"
"Capra sibirica",77.096665,34.308863,2012,9,"HUMAN_OBSERVATION",1000,"India","Jammu and Kashmir","https://observation.org/observation/71463280"
"Capra sibirica",77.132263,34.336632,2012,11,"HUMAN_OBSERVATION",1000,"India","Jammu and Kashmir","https://observation.org/observation/72559455"
"Capra sibirica",77.149145,34.336914,2012,11,"HUMAN_OBSERVATION",1000,"India","Jammu and Kashmir","https://observation.org/observation/103639555"
"Capra sibirica",77.155668,34.344426,2012,11,"HUMAN_OBSERVATION",100,"India","Jammu and Kashmir","https://observation.org/observation/103639665"
"Capra sibirica",77.113096,34.350095,2012,11,"HUMAN_OBSERVATION",100,"India","Jammu and Kashmir","https://observation.org/observation/103639669"
"Capra sibirica",74.443359,41.804078,2007,5,"HUMAN_OBSERVATION",1000,"Kyrgyzstan","Naryn","https://observation.org/observation/41532967"
"Capra sibirica",77.399217,41.74775,2007,7,"HUMAN_OBSERVATION",NA,"Kyrgyzstan",NA,"https://www.inaturalist.org/observations/68494473"
"Capra sibirica",78.099183,42.052656,2007,7,"HUMAN_OBSERVATION",NA,"Kyrgyzstan",NA,"https://www.inaturalist.org/observations/68495760"
"Capra sibirica",104.262311,43.432481,2005,7,"HUMAN_OBSERVATION",NA,"Mongolia",NA,"https://www.inaturalist.org/observations/15213934"
"Capra sibirica",102.891609,43.66925,2005,7,"HUMAN_OBSERVATION",250,"Mongolia","NP Gobi Gurwan Saichan, Felsschlucht",NA
"Capra sibirica",104.309692,43.655949,2005,8,"HUMAN_OBSERVATION",250,"Mongolia","Gobi-Camp bei Dalandzsadgad",NA
"Capra sibirica",104.034691,43.533367,2005,8,"HUMAN_OBSERVATION",250,"Mongolia","Yolyn Am Canyon (Geierschlucht)",NA
"Capra sibirica",76.387939,42.585445,2004,7,"HUMAN_OBSERVATION",250,"Kyrgyzstan","Kungei Ala-Too",NA
"Capra sibirica",77.755737,33.513919,1984,7,"HUMAN_OBSERVATION",1000,"India","Jammu and Kashmir","https://observation.org/observation/54893307"
"Capra sibirica",69.4657,35.2672,1965,6,"PRESERVED_SPECIMEN",NA,"Afghanistan","Panjir Tal, oberhalb Kachu, ca. 4000 m NN","http://id.zfmk.de/collection_ZFMK/224100307/1178442/356836"
"Capra sibirica",68.300003,34.989201,1965,7,"PRESERVED_SPECIMEN",13.12,"Afghanistan","Shibar Pass, 5 mi N","ed927a34-41d1-483c-b0f3-3e6a33d593b2"
"Capra sibirica",71.782829,36.716671,1965,8,"PRESERVED_SPECIMEN",11.95,"Afghanistan","Ishkashim, 12 mi E","b4b2847c-5d9d-4550-bde3-2bd438aab5a8"
"Capra sibirica",64.7757,35.9181,1964,8,"PRESERVED_SPECIMEN",NA,"Afghanistan","Höhle Koh-e-Zarmas, 17 km SE Maimana, ca. 1300 m NN","http://id.zfmk.de/collection_ZFMK/224100308/1178443/356837"
"Capra sibirica",77.577,34.1521,1963,NA,"PRESERVED_SPECIMEN",NA,"India","Ladakh, Leh","http://id.zfmk.de/collection_ZFMK/224100295/1178430/356819"
"Capra sibirica",71.600348,36.16377,1954,10,"PRESERVED_SPECIMEN",NA,"Pakistan","Y","MHNG-MAMO-912.094"
"Capra sibirica",77.7002,33.9127,1934,2,"PRESERVED_SPECIMEN",NA,"India","Ladakh, Hemis Shogpa","http://id.zfmk.de/collection_ZFMK/224100293/1178428/356815"
"Capra sibirica",76.6069,34.23,1934,10,"PRESERVED_SPECIMEN",NA,"India","Ladakh, Kanji","http://id.zfmk.de/collection_ZFMK/224100297/1178432/356822"
"Capra sibirica",83,43.633335,1925,8,"PRESERVED_SPECIMEN",NA,"China","Karaghai Tash (Kargaitash)","1af9a1b1-05ff-48ca-bfa0-13441db380d9"
"Capra sibirica",102.5,44.5,1922,7,"PRESERVED_SPECIMEN",NA,"Mongolia","Arts Bogd Uul Mts","94874738-a6a0-436c-83c1-8396e784c1ed"
"Capra sibirica",102.066673,44.583328,1922,7,"PRESERVED_SPECIMEN",82.28,"Mongolia","Arts Bogd Uul Mts","a1ac7d14-3739-4052-b6bb-76b2df63cb8f"
"Capra sibirica",75.3178,42.8224,1912,2,"PRESERVED_SPECIMEN",NA,"Kyrgyzstan","nahe chinesischer Grenze, Tokmak","http://id.zfmk.de/collection_ZFMK/224100302/1178437/356827"
"Capra sibirica",75.1669,35.718,1912,NA,"PRESERVED_SPECIMEN",NA,"Pakistan","Tormik Valley, Toglay/Toklay Nullah","http://n2t.net/ark:/65665/333e16dd8-9477-4570-aaf1-d33188c9ce31"
"Capra sibirica",76.8642,41.1046,1908,12,"PRESERVED_SPECIMEN",NA,"Kyrgyzstan","Aksai-Fluss, S Naryn, chinesische Grenze","http://id.zfmk.de/collection_ZFMK/224106623/1187152/364762"
"Capra sibirica",75.9842,41.4265,1906,3,"PRESERVED_SPECIMEN",NA,"Kyrgyzstan","Semiretschenskaja, Fort Naryn","http://id.zfmk.de/collection_ZFMK/224100304/1178439/356831"
"Capra sibirica",77.3144,42.3965,1906,11,"PRESERVED_SPECIMEN",NA,"Kyrgyzstan","Issyk-kul (See), Frochewalsk","http://id.zfmk.de/collection_ZFMK/224100298/1178433/356823"
"Capra sibirica",75.53,33.86,1883,NA,"PRESERVED_SPECIMEN",NA,"India","Y","MHNG-MAMO-863.061"
"Capra sibirica",69.08835,30.116188,NA,NA,"MATERIAL_SAMPLE",NA,"Pakistan",NA,"GBMNC75100-20"
"Capra sibirica",80.3472,42.7225,NA,NA,"PRESERVED_SPECIMEN",NA,"China","Y","MHNG-MAMO-764.083"
